{"cameraMode":{"drawMode":0,"name":"Shaded","section":"Shading Mode"},"sceneLighting":false,"audioPlay":false,"sceneViewState":{"m_AlwaysRefresh":false,"showFog":true,"showSkybox":true,"showFlares":true,"showImageEffects":true,"showParticleSystems":true,"showVisualEffectGraphs":true,"m_FxEnabled":false},"in2DMode":false,"pivot":{"x":31.189306259155275,"y":-24.321311950683595,"z":3.0957577228546144},"rotation":{"x":-0.23539923131465913,"y":-0.6589944362640381,"z":0.22926482558250428,"w":-0.6765972971916199},"size":32.470035552978519,"orthographic":false}