{"cameraMode":{"drawMode":0,"name":"Shaded","section":"Shading Mode"},"sceneLighting":false,"audioPlay":false,"sceneViewState":{"m_AlwaysRefresh":false,"showFog":true,"showSkybox":true,"showFlares":true,"showImageEffects":true,"showParticleSystems":true,"showVisualEffectGraphs":true,"m_FxEnabled":false},"in2DMode":false,"pivot":{"x":-1.430457592010498,"y":1.5512645244598389,"z":0.39612284302711489},"rotation":{"x":0.08806773275136948,"y":-0.027194898575544359,"z":0.0024099384900182487,"w":0.9958005547523499},"size":6.5540385246276859,"orthographic":false}