{"cameraMode":{"drawMode":0,"name":"Shaded","section":"Shading Mode"},"sceneLighting":false,"audioPlay":false,"sceneViewState":{"m_AlwaysRefresh":false,"showFog":true,"showSkybox":true,"showFlares":true,"showImageEffects":true,"showParticleSystems":true,"showVisualEffectGraphs":true,"m_FxEnabled":false},"in2DMode":false,"pivot":{"x":794.641845703125,"y":430.4695739746094,"z":1955.3914794921875},"rotation":{"x":-0.004190458450466394,"y":0.001495539559982717,"z":0.000006256624146772083,"w":0.9999925494194031},"size":1981.6962890625,"orthographic":false}